{
  "reference": [
    {"bet365_under": 7, "betfair_target": 8.56},
    {"bet365_under": 6.5, "betfair_target": 7.91},
    {"bet365_under": 6, "betfair_target": 7.3},
    {"bet365_under": 5.5, "betfair_target": 6.57},
    {"bet365_under": 5, "betfair_target": 5.92},
    {"bet365_under": 4.5, "betfair_target": 5.34},
    {"bet365_under": 4.33, "betfair_target": 5.03},
    {"bet365_under": 4, "betfair_target": 4.65},
    {"bet365_under": 3.75, "betfair_target": 4.12},
    {"bet365_under": 3.5, "betfair_target": 3.96},
    {"bet365_under": 3.4, "betfair_target": 3.81},
    {"bet365_under": 3.25, "betfair_target": 3.69},
    {"bet365_under": 3.2, "betfair_target": 3.46},
    {"bet365_under": 3, "betfair_target": 3.34},
    {"bet365_under": 2.75, "betfair_target": 3.08},
    {"bet365_under": 2.62, "betfair_target": 2.91},
    {"bet365_under": 2.5, "betfair_target": 2.73},
    {"bet365_under": 2.37, "betfair_target": 2.6},
    {"bet365_under": 2.3, "betfair_target": 2.46},
    {"bet365_under": 2.25, "betfair_target": 2.48},
    {"bet365_under": 2.2, "betfair_target": 2.4},
    {"bet365_under": 2.1, "betfair_target": 2.29},
    {"bet365_under": 2, "betfair_target": 2.18},
    {"bet365_under": 1.9, "betfair_target": 2.06},
    {"bet365_under": 1.83, "betfair_target": 2},
    {"bet365_under": 1.8, "betfair_target": 1.94},
    {"bet365_under": 1.72, "betfair_target": 1.85},
    {"bet365_under": 1.66, "betfair_target": 1.78},
    {"bet365_under": 1.61, "betfair_target": 1.71},
    {"bet365_under": 1.57, "betfair_target": 1.68},
    {"bet365_under": 1.53, "betfair_target": 1.62},
    {"bet365_under": 1.5, "betfair_target": 1.6},
    {"bet365_under": 1.44, "betfair_target": 1.52},
    {"bet365_under": 1.4, "betfair_target": 1.48},
    {"bet365_under": 1.36, "betfair_target": 1.43},
    {"bet365_under": 1.33, "betfair_target": 1.38},
    {"bet365_under": 1.3, "betfair_target": 1.36},
    {"bet365_under": 1.28, "betfair_target": 1.34},
    {"bet365_under": 1.25, "betfair_target": 1.30},
    {"bet365_under": 1.22, "betfair_target": 1.27},
    {"bet365_under": 1.2, "betfair_target": 1.25},
    {"bet365_under": 1.18, "betfair_target": 1.23}
  ]
}
