{
  "reference": [
    {"bet365_under": 7, "betfair_target": 8.56},
    {"bet365_under": 6.5, "betfair_target": 7.91},
    {"bet365_under": 6, "betfair_target": 7.3},
    {"bet365_under": 5.5, "betfair_target": 6.57},
    {"bet365_under": 5, "betfair_target": 5.92},
    {"bet365_under": 4.5, "betfair_target": 5.14},
    {"bet365_under": 4.33, "betfair_target": 4.86},
    {"bet365_under": 4, "betfair_target": 4.44},
    {"bet365_under": 3.75, "betfair_target": 4.12},
    {"bet365_under": 3.5, "betfair_target": 3.87},
    {"bet365_under": 3.4, "betfair_target": 3.69},
    {"bet365_under": 3.25, "betfair_target": 3.6},
    {"bet365_under": 3.2, "betfair_target": 3.46},
    {"bet365_under": 3, "betfair_target": 3.23},
    {"bet365_under": 2.75, "betfair_target": 2.99},
    {"bet365_under": 2.62, "betfair_target": 2.8},
    {"bet365_under": 2.5, "betfair_target": 2.68},
    {"bet365_under": 2.37, "betfair_target": 2.55},
    {"bet365_under": 2.3, "betfair_target": 2.46},
    {"bet365_under": 2.25, "betfair_target": 2.48},
    {"bet365_under": 2.2, "betfair_target": 2.35},
    {"bet365_under": 2.1, "betfair_target": 2.24},
    {"bet365_under": 2, "betfair_target": 2.12},
    {"bet365_under": 1.9, "betfair_target": 2.06},
    {"bet365_under": 1.83, "betfair_target": 2},
    {"bet365_under": 1.8, "betfair_target": 1.89},
    {"bet365_under": 1.72, "betfair_target": 1.81},
    {"bet365_under": 1.66, "betfair_target": 1.74},
    {"bet365_under": 1.61, "betfair_target": 1.69},
    {"bet365_under": 1.57, "betfair_target": 1.65},
    {"bet365_under": 1.53, "betfair_target": 1.62},
    {"bet365_under": 1.5, "betfair_target": 1.6},
    {"bet365_under": 1.5, "betfair_target": 1.56},
    {"bet365_under": 1.44, "betfair_target": 1.5},
    {"bet365_under": 1.4, "betfair_target": 1.45},
    {"bet365_under": 1.36, "betfair_target": 1.41},
    {"bet365_under": 1.33, "betfair_target": 1.37},
    {"bet365_under": 1.3, "betfair_target": 1.35},
    {"bet365_under": 1.28, "betfair_target": 1.32},
    {"bet365_under": 1.25, "betfair_target": 1.29},
    {"bet365_under": 1.22, "betfair_target": 1.26},
    {"bet365_under": 1.2, "betfair_target": 1.24},
    {"bet365_under": 1.16, "betfair_target": 1.2}
  ]
}
