{
  "ritmo": [
    { "min": 0, "baixa": 3.10, "media": 3.70, "alta": 5.10 },
    { "min": 5, "baixa": 2.82, "media": 3.35, "alta": 4.60 },
    { "min": 10, "baixa": 2.46, "media": 2.90, "alta": 4.10 },
    { "min": 15, "baixa": 2.20, "media": 2.54, "alta": 3.30 },
    { "min": 20, "baixa": 1.94, "media": 2.16, "alta": 2.88 },
    { "min": 25, "baixa": 1.74, "media": 1.91, "alta": 2.50 },
    { "min": 30, "baixa": 1.53, "media": 1.62, "alta": 2.00 },
    { "min": 35, "baixa": 1.34, "media": 1.40, "alta": 1.63 },
    { "min": 40, "baixa": 1.16, "media": 1.18, "alta": 1.31 },
    { "min": 45, "baixa": 3.90, "media": 4.70, "alta": 7.40 },
    { "min": 50, "baixa": 3.50, "media": 4.10, "alta": 6.40 },
    { "min": 55, "baixa": 3.00, "media": 3.50, "alta": 5.40 },
    { "min": 60, "baixa": 2.64, "media": 3.10, "alta": 4.40 },
    { "min": 65, "baixa": 2.36, "media": 2.70, "alta": 3.35 },
    { "min": 70, "baixa": 2.04, "media": 2.30, "alta": 2.98 },
    { "min": 75, "baixa": 1.79, "media": 1.99, "alta": 2.46 },
    { "min": 80, "baixa": 1.59, "media": 1.74, "alta": 2.02 },
    { "min": 85, "baixa": 1.37, "media": 1.48, "alta": 1.60 },
    { "min": 90, "baixa": 1.15, "media": 1.30, "alta": 1.40 }
  ]
}